output_path,output_size,output_entropy,output_sha256,input_size,size_delta,timestamp
/tmp/fuzzed_images/seed_icc_perm01_DCI(P3) RGB_001.png,14507,7.9796,fab3ac599ce83350aea05d8afef5016c55b2ed939b261ba083d82892fb6208e3,13561,946,2026-09-25 03:18:03
/tmp/fuzzed_images/seed_perm01_001.png,13561,7.9759,55089a402587d487c64a4f270d08b388427aeceec9a5ecb28903b75e3aaa0e42,,,2026-09-25 03:18:03
/tmp/fuzzed_images/seed_icc_perm03_ACESCG Linear_002.png,58259,7.9921,4e46e5942d4bacf018351bdd993e28746e4d5d4077448fdf29e84133b53fa5a1,53859,4400,2026-09-25 03:18:03
/tmp/fuzzed_images/seed_perm03_002.png,53859,7.9926,39c752586e8b1e1e29f781d24837a943b37a181906fb0ed5df32dd00e0fbc3a3,,,2026-09-25 03:18:04
/tmp/fuzzed_images/seed_icc_perm04_Generic CMYK Profile_003.png,215852,7.9955,53bdad9479bf697eda74bff2e9d34fde10bf20047f9dae58a16d34076b2a34b0,215840,12,2026-09-25 03:18:04
/tmp/fuzzed_images/seed_perm04_003.png,215840,7.9955,f68cefcef160c968653175067d61b1769f2b43d81e96fb0c46ca0215bbb1cd71,,,2026-09-25 03:18:05
/tmp/fuzzed_images/seed_icc_perm06_ITU-709_004.png,66263,7.9946,014beff4fa265f4c48599afbeb9e8b7f2230ea2d968fd378830de7b06b027055,66106,157,2026-09-25 03:18:05
/tmp/fuzzed_images/seed_perm06_004.png,66106,7.9937,3527edcc0d5822cea353f75ccfc2bf1406b7eb523e7c7560198a9ef9c336481f,,,2026-09-25 03:18:05
/tmp/fuzzed_images/seed_icc_perm07_Generic RGB Profile_005.png,67432,7.9933,de25c5aeda1013b65fe7845c9a531f993ab0ac474a66b33b11c9de8c8b7dccc2,66013,1419,2026-09-25 03:18:05
/tmp/fuzzed_images/seed_perm07_005.png,66013,7.9932,3fd2f17485bf199f719db8117d20c2f5bc139af9f612e2417db981bbaef0b627,,,2026-09-25 03:18:05
/tmp/fuzzed_images/seed_icc_perm08_ITU-2020_006.png,4151,7.9220,ceb09bf6de374f35227bd48e36ef44f2e9ac919c98343de47cb5f30818a4d489,3483,668,2026-09-25 03:18:05
/tmp/fuzzed_images/seed_perm08_006.png,3483,7.9211,2daec56aee0a37710f79b3135b9f148585def37677a13228864c6c64dab1c637,,,2026-09-25 03:18:05
/tmp/fuzzed_images/seed_icc_perm09_sRGB Profile_007.png,862100,7.9955,7b755d8fcf104cd4ae98edea49bcc556b6d0e58858681aaa43cde5913d623801,862088,12,2026-09-25 03:18:05
/tmp/fuzzed_images/seed_perm09_007.png,862088,7.9955,2c59b5c143b42bf5d57657097b26dbe000b8bf554b5fe318abfaae3ecbeac7b2,,,2026-09-25 03:18:29
/tmp/fuzzed_images/seed_icc_perm10_Generic Gray Profile_008.png,31710,7.9902,903c60a5c2c34a757c04a773bf3791a93b0935baf8ddaa310c1161a1cd014a50,31698,12,2026-09-25 03:18:29
/tmp/fuzzed_images/seed_perm10_008.png,31698,7.9902,c2cc338627bf0bb40351a394c059f4c23c9fae494f2dff4b5979cff292c9573a,,,2026-09-25 03:18:30
/tmp/fuzzed_images/seed_icc_perm11_Generic Gray Gamma 2.2 Profile_009.png,84135,7.9944,a9d58c831b6409b51f52d64c7c33f4cb0fad8548d7ab1fa17f627aa2b51f12ba,84123,12,2026-09-25 03:18:30
/tmp/fuzzed_images/seed_perm11_009.png,84123,7.9944,cbfa886003e86bec0312a6e352350347d78b4e41d5a54324257ff9d60d5acf98,,,2026-09-25 03:18:32
/tmp/fuzzed_images/seed_icc_perm12_ROMM RGB_010.png,32809,7.9881,6655c7dac284e6553c1a84923efd1dcaffec1cb29de1d738896bf24bcf1d1b4e,30420,2389,2026-09-25 03:18:32
/tmp/fuzzed_images/seed_perm12_010.png,30420,7.9896,52f5356c2f802f753043784a6f1e4aa9021957107cffcba22a6169636e9a07aa,,,2026-09-25 03:18:33
/tmp/fuzzed_images/seed_icc_perm01_Generic Lab Profile_011.png,1061,7.6399,d9dce958dc9ee0420481f06abc033059dbb8495c881b9f6d47065fa24e1fd4b8,1049,12,2026-09-25 03:18:33
/tmp/fuzzed_images/seed_perm01_011.png,1049,7.6607,e2d31b9e8c996504898722e951cacac0c01ddd4ccd2f05d93b336a625f6f3580,,,2026-09-25 03:18:33
/tmp/fuzzed_images/seed_icc_perm05_Generic XYZ Profile_012.png,2090,7.8348,ca6c4f579b6b48a6d58955f458740c9f5c9be9e520abbb6044f7a9b648b91114,2078,12,2026-09-25 03:18:33
/tmp/fuzzed_images/seed_perm05_012.png,2078,7.8449,9bb6d06e8980a21c32a1858f13f2a680c25236b15da4f7664d73dbe73f2638f4,,,2026-09-25 03:18:33
/tmp/fuzzed_images/seed_icc_perm02_AdobeRGB1998_013.png,2290,7.8403,f90173efc8389d2f01ffb706c4187756fa25ea720c4f38684c2e60404dc84469,1891,399,2026-09-25 03:18:33
/tmp/fuzzed_images/seed_perm02_013.png,1891,7.8388,fc7b240609dee375c2961b139f6a8fc25b5940496f7f444f987de1a1907d9861,,,2026-09-25 03:18:33
/tmp/fuzzed_images/seed_icc_perm04_Display P3_014.png,2390,7.8633,716da5ea880cf5a65cec9257e469e1058775923fefb309ab32cd6c011471e2b6,1878,512,2026-09-25 03:18:33
/tmp/fuzzed_images/seed_perm04_014.png,1878,7.8373,fb8ee484be5ce7f5cd6bdd86f81bc58baf651571232123fe539e546ae1d89448,,,2026-09-25 03:18:33
/tmp/fuzzed_images/seed_icc_perm13_DCI(P3) RGB_015.png,8456,7.9673,dc7032a9f9bc03093230168a2a0409a74354c5597ba66359fbf2e5ad75160452,7710,746,2026-09-25 03:18:33
/tmp/fuzzed_images/seed_perm13_015.png,7710,7.9674,e5c0e9f7b7517df4fb9fdb1e2bb308c1127eb949d3e7f64c9f8570fdef3533ad,,,2026-09-25 03:18:33
/tmp/fuzzed_images/seed_icc_perm14_ACESCG Linear_016.png,7767,7.9620,c99a26631ee6a6749b92ce83aba96e37a10bb075b2aad2963b7fb11553484433,6768,999,2026-09-25 03:18:33
/tmp/fuzzed_images/seed_perm14_016.png,6768,7.9644,c4c2cc88eabef0edcc0830266b9f723c0d8be3e79a0c5b12fba22677d36bb188,,,2026-09-25 03:18:33
/tmp/fuzzed_images/seed_icc_perm15_Generic CMYK Profile_017.png,6849,7.9603,d80dc59485f901a67242a0ce9d37241d44660530bc7ecf0adaf317526750762f,6837,12,2026-09-25 03:18:33
/tmp/fuzzed_images/seed_perm15_017.png,6837,7.9618,92aeffc4d49b58c30b2b557f97ec99bfa66e2a7ab28d2d6c25dc215d057e4290,,,2026-09-25 03:18:33
/tmp/fuzzed_images/seed_icc_perm16_ITU-709_018.png,27354,7.9881,b1b875185a3fca7b35ebd4a71492cff1c9f39f35777e0640c612c01805ecc72e,27018,336,2026-09-25 03:18:33
/tmp/fuzzed_images/seed_perm16_018.png,27018,7.9880,834f43e5b26d2ca3d8a67b4ac0ff5f6303d4329862b63fef617d912ef56021c6,,,2026-09-25 03:18:34
/tmp/fuzzed_images/seed_icc_perm17_Generic RGB Profile_019.png,28395,7.9892,0bb948fa60f75d08b7828d44e8c7d38832fb024524ae9bc071fe27d784a958c0,27220,1175,2026-09-25 03:18:34
/tmp/fuzzed_images/seed_perm17_019.png,27220,7.9888,61e35009d6f2f1ec0c55787317a131b6fe33978d34020e185c856dd852c46c07,,,2026-09-25 03:18:35
